evaluation_dir,dataset,model_or_bundle,evidence,hamiltonian_mae,hamiltonian_rmse,hamiltonian_corr,hamiltonian_r2,block_abs_mae_mean,block_rel_mae_mean,density_mae,density_corr,dos_l1,dos_fermi_abs_error_ev,dos_electron_abs_error,band_mae_ev,band_near_fermi_mae_ev,band_fermi_available,has_hamiltonian_plot,has_dos_plot,has_band_plot,has_density_plot,notes
eval_outputs/SiOx_hamiltonian/envelope_mae_finetune,SiOx,SiOx_hamiltonian/envelope_mae_finetune,artifact-only,6.226245628595278e-05,0.0001835663371495058,0.9999656819960028,0.9999313651697309,6.61188080754226e-05,0.2201632318075264,,,1640.870686161372,0.0,0.0,0.049036942316536214,0.02822554165425481,True,True,True,True,False,
eval_outputs/SiOx_hamiltonian/finetune_mae_2,SiOx,SiOx_hamiltonian/finetune_mae_2,artifact-only,5.519614811777198e-05,0.0001605839609275855,0.9999737362212245,0.9999474731322352,5.8644977287633905e-05,0.2062270694772394,,,1830.6220946678118,0.0,0.0,0.038362622253504355,0.02611012688591381,True,True,True,True,False,
eval_outputs/Si_perturbed/hdo_finetune,Silicon-perturbed,Si_perturbed/hdo_finetune,artifact-only,9.454484370365049e-05,0.00016610687134097085,0.9999929350285268,0.9999858701069675,1.4232819710072208e-05,0.006574171322614432,0.00024701507734898063,0.9999326417266633,5.096453703734702,0.0,0.017223358154296875,0.02377713152279564,0.0029445878964648236,True,True,True,True,True,
eval_outputs/ZnCuSnSeS_hamiltonian/finetune_47h5,ZnCuSnSeS,ZnCuSnSeS_hamiltonian/finetune_47h5,artifact-only,0.0003068576347904573,0.000587440175473803,0.9997490711013437,0.9994982051679996,7.245190310901738e-05,0.2464538531689597,,,159.33639081353948,2.290871679817047,0.0,0.5466076291018099,0.3512255864182571,True,True,True,True,False,
eval_outputs/ZnCuSnSeS_hamiltonian/from_silicon_model,ZnCuSnSeS,ZnCuSnSeS_hamiltonian/from_silicon_model,artifact-only,0.0009475060150258936,0.001616213246917952,0.9981112721115131,0.9962261115160629,0.0002893550102958366,347.7829902619905,,,297.96799031441117,3.0041538066961753,0.0,2.004406773250552,1.3871622149873999,True,True,True,True,False,
eval_outputs/ZnCuSnSeS_hamiltonian/restart_47h,ZnCuSnSeS,ZnCuSnSeS_hamiltonian/restart_47h,artifact-only,0.0003318779639956514,0.0006112246524482835,0.9997282401086652,0.999456554070769,8.052504274628556e-05,0.25062184539277765,,,165.48733953217024,2.338823109029846,0.0,0.5888323105253627,0.39280896488270556,True,True,True,True,False,
eval_outputs/ZnCuSnSeS_hamiltonian/spectral_finetune_best_hamiltonian_mae,ZnCuSnSeS,ZnCuSnSeS_hamiltonian/spectral_finetune_best_hamiltonian_mae,artifact-only,0.00033133448401977215,0.0006116643386953133,0.9997278464409384,0.9994557669494365,7.999998677240294e-05,0.25073183426975787,,,168.4537148425272,2.007962982623188,0.0,0.644509722452089,0.18265018268396446,True,True,True,True,False,
eval_outputs/ZnCuSnSeS_hamiltonian/spectral_finetune_best_spectral_mae,ZnCuSnSeS,ZnCuSnSeS_hamiltonian/spectral_finetune_best_spectral_mae,artifact-only,0.0003674690119053813,0.0006613664116707315,0.9996818077624251,0.9993637167711502,8.898480617901124e-05,0.2533327626300663,,,164.57749289100167,1.6878026552826313,0.0,0.6278152852625595,0.13129121693161316,True,True,True,True,False,
eval_outputs/colorful-sweep-19_Silicon_cif,Silicon,colorful-sweep-19_Silicon_cif,artifact-only,,,,,,,,,,,,,,False,False,False,False,False,prediction-only band artifact; no GT comparison; no Hamiltonian correlation sidecar
eval_outputs/colorful-sweep-19_silicon_3000K,Silicon,colorful-sweep-19_silicon_3000K,artifact-only,,,,,,,,,,,,,,False,True,True,True,True,prediction-only band artifact; no GT comparison; no Hamiltonian correlation sidecar
eval_outputs/colorful-sweep-19_silicon_300K_nice_difference,Silicon,colorful-sweep-19_silicon_300K_nice_difference,artifact-only,,,,,,,,,,,,,,False,True,True,True,True,prediction-only band artifact; no GT comparison; no Hamiltonian correlation sidecar
eval_outputs/colorful-sweep-19_small_Si,Silicon,colorful-sweep-19_small_Si,artifact-only,,,,,,,,,,,,26361.634055955306,27150.830583022238,True,True,True,True,True,no Hamiltonian correlation sidecar
eval_outputs/silicon_hamiltonian_300K_new_data_restart_eval,Silicon,silicon_hamiltonian_300K_new_data_restart_eval,artifact-only,2.1483478951894127e-05,8.872675283222136e-05,0.9999451431201588,,5.333782362411879e-05,0.7535576963874941,,,182.27685548346233,0.0,0.0,0.048788984673401675,0.007526893279207601,True,True,True,True,False,legacy DOS window; inspect Fermi level
eval_outputs/silicon_hamiltonian_300K_val,Silicon,silicon_hamiltonian_300K_val,artifact-only,2.0398845991270517e-05,8.093380055186005e-05,0.9999545354847481,,5.075579254246492e-05,0.4543298067224403,,,176.82597523826865,0.0,0.0,0.04618332180940787,0.0067528165605853264,True,True,True,True,False,legacy DOS window; inspect Fermi level
eval_outputs/silicon_perturbed_hamiltonian_300K_eval,Silicon,silicon_perturbed_hamiltonian_300K_eval,artifact-only,0.000106786092750035,0.0005776492415409289,0.9977260932672738,,0.0002625371852669519,28.553477464227303,,,385.88286406099587,0.0,0.0,,,False,True,True,False,False,legacy DOS window; inspect Fermi level
eval_outputs/silicon_perturbed_hamiltonian_fine_tuned_eval,Silicon,silicon_perturbed_hamiltonian_fine_tuned_eval,artifact-only,0.007222336456168301,0.024960382245523393,0.8998081121095431,,0.0034173115485405425,3.129869817121762,,,42.883496353371754,0.0,0.0,8.156853375931444,3.8612697624894823,True,True,True,True,False,legacy DOS window; inspect Fermi level
eval_outputs/silicon_perturbed_hamiltonian_perturbed_eval,Silicon,silicon_perturbed_hamiltonian_perturbed_eval,artifact-only,0.00024586702300452584,0.00035588917101743586,0.9999669015022336,,4.666828923897507e-05,0.12404745042148717,,,3.848309687105285,0.0,0.0,0.03060438821367749,0.0033410394797827995,True,True,True,True,False,legacy DOS window; inspect Fermi level
eval_outputs/silicon_perturbed_hamiltonian_si_eval,Silicon,silicon_perturbed_hamiltonian_si_eval,artifact-only,0.00709716084938308,0.024465223125826926,0.9055179752432411,,0.0033486825081806707,2.8787030702412033,,,45.706613722924054,0.0,0.0,7.771931317678647,3.6562796644175797,True,True,True,True,False,legacy DOS window; inspect Fermi level
eval_outputs/silicon_perturbed_hamiltonian_sleek-sweep-8-restart-lr2em3_eval_pred_ovl_078,Silicon,silicon_perturbed_hamiltonian_sleek-sweep-8-restart-lr2em3_eval_pred_ovl_078,artifact-only,0.00026421519641877793,0.0003827954987326822,0.9999617188102522,0.9999234390859539,4.955855306748006e-05,0.10618327846899885,0.0005088558727666154,0.999750288152627,24.03723331530817,0.005883422730923016,0.01848602294921875,,,False,True,True,True,True,prediction-only band artifact; no GT comparison
eval_outputs/silicon_perturbed_hdo_si_eval,Silicon,silicon_perturbed_hdo_si_eval,artifact-only,0.006982936977347222,0.023513087725463143,0.9174320552769246,,0.0031729114298929806,2.225079889507649,0.002697400772455493,0.9791696798178576,50.57766797196487,0.0,0.23314857482910156,6.659552876835863,2.9606872130997384,True,True,True,True,True,legacy DOS window; inspect Fermi level
eval_outputs/small_si_hamiltonian,Silicon,small_si_hamiltonian,artifact-only,0.04680593760428639,0.3182483349685426,0.31687447625773957,,0.04196979270592706,129.70892294926185,,,,,,,,False,True,False,False,False,
eval_outputs/worthy-sweep-84_silicon_300K_gt_overlap,Silicon,worthy-sweep-84_silicon_300K_gt_overlap,artifact-only,,,,,,,,,,,,0.14069641667944488,0.05322619220272345,True,True,True,True,False,no Hamiltonian correlation sidecar
eval_outputs/worthy-sweep-84_small_Si,Silicon,worthy-sweep-84_small_Si,artifact-only,,,,,,,,,,,,1406.1900058946578,0.23697963348683634,True,True,True,True,False,no Hamiltonian correlation sidecar
eval_outputs/zesty-sweep-135_gt_overlap_nice_correlation/3000K,Other,zesty-sweep-135_gt_overlap_nice_correlation/3000K,artifact-only,,,,,,,,,,,,0.161952964154512,0.034084424198779564,True,True,True,True,False,no Hamiltonian correlation sidecar
eval_outputs/zesty-sweep-135_small_Si,Silicon,zesty-sweep-135_small_Si,artifact-only,,,,,,,,,,,,1560.419627668883,962.4580726546899,True,True,True,True,False,no Hamiltonian correlation sidecar
eval_outputs/zesty-sweep-135_small_Si_old,Silicon,zesty-sweep-135_small_Si_old,artifact-only,,,,,,,,,,,,1560.46851333829,962.2531487371264,True,True,True,True,False,no Hamiltonian correlation sidecar
eval_outputs/zesty-sweep-135_snapshot0_gt_overlap/2400K,Other,zesty-sweep-135_snapshot0_gt_overlap/2400K,artifact-only,,,,,,,,,,,,0.090942875903508,0.024742536284870702,True,True,True,True,False,no Hamiltonian correlation sidecar
eval_outputs/zesty-sweep-135_snapshot0_gt_overlap/2700K,Other,zesty-sweep-135_snapshot0_gt_overlap/2700K,artifact-only,,,,,,,,,,,,0.0908946880260652,0.027208214050179962,True,True,True,True,False,no Hamiltonian correlation sidecar
eval_outputs/zesty-sweep-135_snapshot0_gt_overlap/3000K,Other,zesty-sweep-135_snapshot0_gt_overlap/3000K,artifact-only,,,,,,,,,,,,0.10301898899253628,0.023703840785854916,True,True,True,True,False,no Hamiltonian correlation sidecar
eval_outputs/zesty-sweep-135_snapshot0_gt_overlap/300K,Other,zesty-sweep-135_snapshot0_gt_overlap/300K,artifact-only,,,,,,,,,,,,0.24966923906266375,0.15057307466134806,True,True,True,True,False,no Hamiltonian correlation sidecar
eval_outputs/zesty-sweep-135_snapshot0_gt_overlap/600K,Other,zesty-sweep-135_snapshot0_gt_overlap/600K,artifact-only,,,,,,,,,,,,0.24364233433191002,0.14754365804902048,True,True,True,True,False,no Hamiltonian correlation sidecar
eval_outputs/zesty-sweep-135_snapshot0_gt_overlap/900K,Other,zesty-sweep-135_snapshot0_gt_overlap/900K,artifact-only,,,,,,,,,,,,0.2404941378774606,0.14544548649092076,True,True,True,True,False,no Hamiltonian correlation sidecar
